{
  "Author": "NightmareXIV / NiGuangOwO（汉化&适配）",
  "Name": "Lifestream（Risona修改自用版）",
  "InternalName": "Lifestream",
  "AssemblyVersion": "2.4.0.6",
  "Description": "- 一键传送到任何服务器或以太网目的地\n- 单击区域地图内的以太水晶以传送到它们\n\n修改内容：\n将点击地图内的以太水晶的部分改为使用DR的“更好的传送界面”模块，可以在地图的任何位置直接点击水晶传送\n请自行安装Daily Routines并启用“更好的传送界面”模块\n\n警告：该模块在同一地图内传送为直接瞬移，使用请自行承担风险",
  "ApplicableVersion": "any",
  "RepoUrl": "https://github.com/NightmareXIV/Lifestream",
  "DalamudApiLevel": 11,
  "LoadRequiredState": 0,
  "LoadSync": false,
  "CanUnloadAsync": false,
  "LoadPriority": 0,
  "IconUrl": "https://raw.githubusercontent.com/NightmareXIV/MyDalamudPlugins/main/icons/lifestream.png",
  "Punchline": "一个加速以太网旅行和跨服的插件。",
  "Changelog": "提前几天增加优雷卡冰火水三岛的悬浮窗，不玩ULK不需要更新",
  "AcceptsFeedback": false
}