{
    "ConfigTab":  {
                      "Profile":  {
                                      "MakeDefault":  "设为默认",
                                      "Delete":  "删除配置",
                                      "CurrentlySelected":  "当前选择的配置文件: ",
                                      "CreateNew":  "创建新配置文件",
                                      "Rename":  "重命名配置文件",
                                      "Duplicate":  "复制配置文件",
                                      "MakeDefaultHelp":  "设为默认\n按住 Ctrl 键设为当前角色的默认值\nCtrl+Shift 组合键取消当前角色的默认设置",
                                      "DeleteHelp":  "删除配置\n按住ctrl启用",
                                      "BareProfileNote":  "基础配置文件只是为了运行任务，您可以复制它进行编辑",
                                      "NewProfileName":  "新配置文件名称",
                                      "ChangeProfileName":  "更改配置文件名称"
                                  },
                      "Language":  "语言：",
                      "LanguageHelp":  "选择显示语言",
                      "Overlay":  {
                                      "Header":  "窗口与悬浮窗设定",
                                      "ShowOverlay":  "显示悬浮窗",
                                      "ShowOverlayHelp":  "请注意，快速操作按钮（军票/分解/等）需要启用各自的配置！\n或启用覆盖悬浮窗按钮的选项。",
                                      "HideWhenStopped":  "停止时隐藏",
                                      "LockOverlay":  "锁定悬浮窗",
                                      "ShowDutyLoopText":  "显示副本与运行次数",
                                      "TransparentBG":  "使用透明背景",
                                      "ShowActionText":  "显示运行状况",
                                      "AnchorBottom":  "固定在底部",
                                      "OverrideButtons":  "覆盖悬浮窗按钮",
                                      "OverrideButtonsHelp":  "默认情况下，悬浮窗按钮会在其配置启用时自动启用\n此选项将允许您选择启用哪些按钮",
                                      "ShowMainWindowOnStartup":  "启动时显示主窗口",
                                      "SliderInputs":  "滑块输入"
                                  },
                      "Duty":  {
                                   "AutoManageRotationHelp":  "AutoDuty 将在副本开始时启用循环插件。\n*AutoDuty 会按列表优先级尝试加载可用的插件。",
                                   "Wrath":  {
                                                 "TargetingTank":  "目标选择 | 坦克：",
                                                 "TargetingNonTank":  "目标选择 | 非坦克：",
                                                 "Header":  "\u003e Wrath Combo 配置选项 \u003c",
                                                 "AutoSetupJobs":  "自动设置自动循环",
                                                 "AutoSetupJobsHelp":  "如果没有启用此功能并且在 Wrath Combo 中没有设置作业，AD 将改为使用 RSR 或 bm 自动循环。"
                                             },
                                   "RSR":  {
                                               "Header":  "\u003e RSR 配置选项 \u003c",
                                               "EngageSettings":  "交战设置：",
                                               "TargetingTank":  "目标选择 | 坦克：",
                                               "TargetingNonTank":  "目标选择 | 非坦克："
                                           },
                                   "BMAI":  {
                                                "Header":  "\u003e BMAI 配置选项 \u003c",
                                                "UpdatePresets":  "更新预设",
                                                "UpdatePresetsAuto":  "自动更新预设",
                                                "MaxDistanceRoleBased":  "根据职能设置到目标的最大距离",
                                                "MaxDistance":  "到目标的最大距离",
                                                "MaxDistanceAoE":  "到目标的最大距离(使用AOE时)",
                                                "MaxDistanceMelee":  "到目标的最大距离 | 近战",
                                                "MaxDistanceRanged":  "到目标的最大距离 | 远程",
                                                "PositionalRoleBased":  "根据玩家职能设置身位",
                                                "UseDefaultSettings":  "使用默认BMAI设置",
                                                "UseDefaultSettingsHelp":  "点击此按钮将把您的 BMAI 配置重置为 AD 的默认推荐设置。"
                                            },
                                   "LootBossTreasureOnlyHelp":  "AutoDuty 将绕过非 Boss 宝箱，仅开启 Boss 宝箱。\n并非所有路径都支持此功能。",
                                   "ResetStuckOnStep":  "仅在下一步时重置卡住计数器",
                                   "UseReturnWhenStuck":  "卡住时使用返回",
                                   "DrawPathSteps":  "绘制 X 步",
                                   "W2W":  {
                                               "TreatUnsyncAsW2WHelp":  "仅在路径步骤中带有 W2W 标签时有效"
                                           },
                                   "OverridePartyValidationHelp":  "AutoDuty 将在排队副本时忽略你的队伍配置\n此功能仅用于多开\n*不建议与其他玩家一起使用 AutoDuty，例如在日随中使用。",
                                   "Advanced":  {
                                                    "Header":  "高级配置选项",
                                                    "UsingAltRotation":  "使用替代的循环插件",
                                                    "UsingAltRotationHelp":  "使用 Wrath Combo, Rotation Solver Reborn, AEAssist 或 BossMod AutoRotation以外的循环插件时勾选",
                                                    "UsingAltMovement":  "使用替代的移动插件",
                                                    "UsingAltMovementHelp":  "使用 Vnavmesh 以外的其他移动插件时勾选",
                                                    "UsingAltBoss":  "使用替代的机制插件",
                                                    "UsingAltBossHelp":  "使用 BossMod 以外的机制插件时勾选"
                                                },
                                   "Header":  "副本配置设定",
                                   "AutoLeaveDuty":  "自动退出副本",
                                   "AutoLeaveDutyHelp":  "将在完成路径后自动退出副本。",
                                   "BlockLeavingDuty":  "在完成任务前阻止离开副本",
                                   "AutoManageRotation":  "自动管理循环插件状态",
                                   "AutoManageBMAI":  "自动管理 BossMod AI 设置",
                                   "AutoManageBMAIHelp":  "Autoduty 会在每个任务开始时启用 BMAI 及您配置的选项",
                                   "AutoManageVnavCamera":  "自动管理 Vnav 对齐相机设置",
                                   "AutoManageVnavCameraHelp":  "Autoduty 会在每个任务开始时启用 VNav 的 AlignCamera 功能，并在任务结束后禁用该功能（如果之前未设置）",
                                   "LootTreasure":  "开启宝箱",
                                   "SelectMethod":  "选择模式: ",
                                   "LootBossTreasureOnly":  "仅开启BOSS宝箱",
                                   "MinStuckTime":  "认为卡住前的最短时间（毫秒）",
                                   "RebuildNavmeshOnStuck":  "当卡住时重新构建导航",
                                   "RebuildNavmeshTimes":  "次",
                                   "ReturnTimes":  "次",
                                   "DrawPath":  "在路线中绘制下一步",
                                   "OverridePartyValidation":  "禁用队伍验证"
                               },
                      "PreLoop":  {
                                      "Enable":  "启用",
                                      "BetweenLoopNote":  "如果启用了循环间设置，以下操作也会在循环间执行（当前{0}）",
                                      "GearSourceHelp":  "原版 - 仅使用兵装库(Armory Chest)装备\n装备管理器 - 调用 Gearsetter，可将淘汰装备移至背包\n造型师 - 使用 Stylist 插件设置",
                                      "Header":  "循环前设置",
                                      "ExecuteCommands":  "在循环开始时执行命令",
                                      "RetireTo":  "返回至",
                                      "AddCurrentPosition":  "添加当前位置",
                                      "HomePathHelp":  "对于大多数房屋，传送位置直接面对大门时无需设置路径；在少数情况下，如果大门需要路径才能到达，您可以在此创建路径。或者，如果您的大门似乎比邻居的传送位置更远，只需前往大门并点击‘添加当前位置’即可。",
                                      "AutoEquipGear":  "自动装备最强装备",
                                      "MoveOldToInventory":  "将旧物品移至库存",
                                      "MoveOldToInventoryHelp":  "除武器外，这将把要更换的装备转移到库存中。",
                                      "RequiresGearsetterOrStylist":  "* 兵装库外的物品需要 Gearsetter 或 Stylist 插件",
                                      "AutoRepair":  "自动修理",
                                      "Self":  "自己",
                                      "SelfHelp":  "使用暗物质进行修理（需要生产职业拥有足够的等级！）",
                                      "CityNpc":  "主城NPC",
                                      "CityNpcHelp":  "使用首选修理NPC进行修理",
                                      "TriggerAt":  "修理阈值 @",
                                      "PreferredRepairNPC":  "首选修理NPC: ",
                                      "PreferredRepairNPCHelp":  "建议将修理NPC，雇员铃，以及（如果可能）返回位置匹配起来。",
                                      "GrandCompanyInn":  "初始主城旅馆",
                                      "AutoConsume":  "自动使用物品",
                                      "AutoConsumeHelp":  "AutoDuty 会在运行和每次循环之间消耗这些物品（如果状态不存在）",
                                      "IgnoreStatus":  "忽略状态",
                                      "IgnoreStatusHelp":  "AutoDuty 会在运行和每次循环之间每次都消耗这些物品（即使状态已存在）",
                                      "MinTimeRemaining":  "最少剩余时间",
                                      "MinTimeRemainingHelp":  "如果状态剩余时间少于这个时间（以分钟为单位），将消耗这些物品",
                                      "ItemName":  "物品名称",
                                      "ItemNameHint":  "输入物品名称以进行搜索",
                                      "AddItem":  "添加物品"
                                  },
                      "BetweenLoop":  {
                                          "Enable":  "启用",
                                          "RunOnLastLoop":  "在最后一次循环时运行",
                                          "ProtectGearsets":  "保护套装",
                                          "RegisterTripleTriadCards":  "自动收录九宫幻卡",
                                          "SellTripleTriadCards":  "出售九宫幻卡",
                                          "SlotsOccupied":  "占用格数",
                                          "CardCount":  "卡片数量",
                                          "WaitingUpTo":  "最多等待...",
                                          "Seconds":  "秒",
                                          "Header":  "循环间设置",
                                          "WaitTime":  "(秒)循环间等待",
                                          "WaitTimeHelp":  "将在循环之间的所有 AutoDuty 进程延迟 X 秒",
                                          "ExecuteCommands":  "在所有循环之间执行命令",
                                          "AutoExtract":  "自动精炼",
                                          "Equipped":  "装备中",
                                          "All":  "所有",
                                          "AutoOpenCoffers":  "自动打开装备箱",
                                          "AutoOpenCoffersHelp":  "AutoDuty将在每个循环之间开启装备箱（如骑士武器）",
                                          "OpenCoffersWithGearset":  "使用套装打开装备箱: ",
                                          "CurrentGearset":  "当前套装",
                                          "UseBlacklist":  "使用黑名单",
                                          "UseBlacklistHelp":  "禁止自动打开某些装备箱",
                                          "SelectCoffer":  "选择装备箱",
                                          "CofferName":  "装备箱名称",
                                          "CofferNameHint":  "开始输入装备箱名称以进行搜索",
                                          "AddCoffer":  "添加装备箱",
                                          "DiscardItems":  "丢弃物品",
                                          "Desynth":  {

                                                      },
                                          "AutoDesynth":  "自动分解",
                                          "OnlySkillUps":  "仅分解可提升分解技能的装备",
                                          "ItemLevelLimit":  "物品等级限制",
                                          "ItemLevelLimitHelp":  "一旦你的分解技能达到此限制以上，就停止分解",
                                          "DesynthCategories":  "分解类别",
                                          "AutoGCTurnin":  "自动筹备稀有品",
                                          "InventorySlotsLeft":  "当背包空间小于 @",
                                          "UseGCAetheryteTicket":  "使用军队传送卷",
                                          "EnableAutoRetainer":  "启用 AutoRetainer 集成",
                                          "PreferredSummoningBell":  "首选雇员铃位置: ",
                                          "PreferredSummoningBellHelp":  "无论选择哪个位置，如果在触发时您所在的位置有雇员铃，它将优先前往该位置"
                                      },
                      "Termination":  {
                                          "Enable":  "启用",
                                          "StopBLUSpell":  "习得青魔法时停止循环",
                                          "SelectBLUSpell":  "选择青魔法",
                                          "StopOnlyWhenAllSpells":  "仅当习得所有青魔法时停止循环",
                                          "Header":  "循环终止设置",
                                          "StopAtLevel":  "达到指定等级时停止",
                                          "StopAtLevelHelp":  "当满足这些条件时，循环将停止",
                                          "StopNoRestedXP":  "休息奖励经验耗尽时停止",
                                          "StopNoRestedXPHelp":  "当满足这些条件时，循环将停止",
                                          "StopAtItemQty":  "物品到达指定数量时停止",
                                          "StopAtItemQtyHelp":  "当满足这些条件时，循环将停止",
                                          "SelectItem":  "选择物品",
                                          "ItemName":  "物品名称",
                                          "ItemNameHint":  "输入物品名称以进行搜索",
                                          "Quantity":  "数量",
                                          "AddItem":  "添加物品",
                                          "StopOnlyWhenAllItems":  "仅在获得所有项目后停止循环",
                                          "ExecuteCommandsOnTermination":  "在所有循环终止时执行命令",
                                          "PlaySoundOnCompletion":  "完成所有循环后播放声音: ",
                                          "OnCompletionOfAllLoops":  "在完成所有循环后： ",
                                          "KeepTerminationActive":  "执行后保留终止选项 "
                                      },
                      "Multiboxing":  {
                                          "Header":  "多开同步",
                                          "ExperimentalWarning":  "极度实验性功能",
                                          "Step1":  "准备：同大区启动 4 个客户端，开启 AD，保持无组队状态。",
                                          "Step2":  "主机：选定一个客户端作为“主机 (Host)”，它将指挥其他窗口。",
                                          "Step3":  "连接：选择通讯方式。单机多开推荐 [命名管道]，跨电脑多开请用 [TCP]。",
                                          "NamedPipes":  "命名管道",
                                          "Step4Pipes":  "设置：确保所有窗口的 [管道名称] 一致。",
                                          "Step5Pipes":  "连接：客户端默认填 \".\" (本机)。跨电脑请填主机 IP。",
                                          "TCP":  "TCP",
                                          "Step4TCP":  "步骤 4：端口需要在客户端和主机之间匹配",
                                          "Step5TCP":  "步骤 5：在客户端上，可以更改服务器地址以连接到其他计算机上的主机。",
                                          "UACWarning":  "UAC 可能会要求你允许网络访问",
                                          "Step6":  "启动：先在主机勾选 [多开同步]。",
                                          "Step7":  "加入：在 3 个客户端勾选 [多开同步]。连接成功后下方会显示角色信息。",
                                          "Step8":  "运行：主机选择副本并点击 [开始]，全队同步行动。",
                                          "TransportType":  "传输类型",
                                          "TransportTypeHelp":  "命名管道：网络连接取决于系统设置。\nTCP：网络连接取决于防火墙设置。\n在大多数情况下，命名管道无需更改即可工作。",
                                          "PipeName":  "管道名称",
                                          "ServerName":  "服务器名称",
                                          "ServerAddress":  "服务器地址",
                                          "ServerPort":  "服务器端口",
                                          "Reset":  "重置",
                                          "Host":  "主机",
                                          "SynchronizePaths":  "同步路径",
                                          "SynchronizePathsHelp":  "将路径从主机发送到客户端",
                                          "Blocking":  "阻塞中：{0}",
                                          "ScrambleNames":  "隐藏/打乱角色名",
                                          "Name":  "名称",
                                          "InParty":  "在队伍中？",
                                          "Job":  "职业",
                                          "BlockingStatus":  "阻塞中？",
                                          "LastHeard":  "最后响应",
                                          "InPartyYes":  "在队伍中",
                                          "InPartyNo":  "不在队伍中",
                                          "NoInfo":  "{0}：无信息",
                                          "ResynchronizeStep":  "重新同步步骤"
                                      },
                      "Enums":  {
                                     "RetireLocation":  {
                                                            "GC_Barracks":  "冒险者分队军营",
                                                            "Inn":  "旅馆",
                                                            "Apartment":  "公寓",
                                                            "Personal_Home":  "个人房屋",
                                                            "FC_Estate":  "部队房屋"
                                                        },
                                    "SummoningBellLocations":  {
                                                                   "Limsa_Lominsa_Lower_Decks":  "利姆萨·罗敏萨下层甲板",
                                                                   "Old_Gridania":  "格里达尼亚旧街",
                                                                   "Uldah_Steps_of_Thal":  "乌尔达哈现世回廊",
                                                                   "The_Pillars":  "伊修加德砥柱层",
                                                                   "Rhalgrs_Reach":  "神拳痕",
                                                                   "Kugane":  "黄金港",
                                                                   "The_Doman_Enclave":  "多玛飞地",
                                                                   "The_Crystarium":  "水晶都",
                                                                   "Eulmore":  "游末邦",
                                                                   "Old_Sharlayan":  "旧萨雷安",
                                                                   "Radz_at_Han":  "拉扎罕",
                                                                   "Tuliyollal":  "图莱尤拉",
                                                                   "Nexus_Arcade":  "九号解决方案",
                                                                   "Inn":  "旅馆",
                                                                   "Apartment":  "公寓",
                                                                   "Personal_Home":  "个人房屋",
                                                                   "FC_Estate":  "部队房屋"
                                                               },
                                    "DesynthCategory":  {
                                                            "Inventory_Equipment":  "背包: 装备",
                                                            "Inventory_Housing":  "背包: 家具/庭具",
                                                            "Armoury_Main_Off":  "兵装库: 主手/副手",
                                                            "Armoury_Head_Body_Hands":  "兵装库: 头/身/手",
                                                            "Armoury_Legs_Feet":  "兵装库: 腿/脚",
                                                            "Armoury_Neck_Ears":  "兵装库: 项链/耳环",
                                                            "Armoury_Wrists_Rings":  "兵装库: 手镯/戒指",
                                                            "Equipped":  "装备中"
                                                        },
                                     "TerminationMode":  {
                                                             "Do_Nothing":  "什么都不做",
                                                             "Logout":  "返回标题画面",
                                                             "Start_AR_Multi_Mode":  "开启AutoRetainer",
                                                             "Kill_Client":  "关闭游戏",
                                                             "Kill_PC":  "关闭电脑",
                                                             "Start_AR_Night_Mode":  "开启AR夜间模式"
                                                         },
                                    "Jobs":  {
                                                 "All":  "所有职业 (All)",
                                                 "Tanks":  "防护职业 (T)",
                                                 "Healers":  "治疗职业 (H)",
                                                 "DPS":  "输出职业 (DPS)",
                                                 "Melee":  "近战",
                                                 "Striking":  "强袭",
                                                 "Maiming":  "制敌",
                                                 "Scouting":  "游击",
                                                 "Aiming":  "远敏",
                                                 "Casters":  "法系",
                                                 "Paladin":  "骑士",
                                                 "Warrior":  "战士",
                                                 "Dark_Knight":  "暗黑骑士",
                                                 "Gunbreaker":  "绝枪战士",
                                                 "White_Mage":  "白魔法师",
                                                 "Scholar":  "学者",
                                                 "Astrologian":  "占星术士",
                                                 "Sage":  "贤者",
                                                 "Monk":  "武僧",
                                                 "Samurai":  "武士",
                                                 "Dragoon":  "龙骑士",
                                                 "Reaper":  "钐镰客",
                                                 "Ninja":  "忍者",
                                                 "Viper":  "蝰蛇剑士",
                                                 "Bard":  "吟游诗人",
                                                 "Machinist":  "机工士",
                                                 "Dancer":  "舞者",
                                                 "Black_Mage":  "黑魔法师",
                                                 "Summoner":  "召唤师",
                                                 "Red_Mage":  "赤魔法师",
                                                 "Pictomancer":  "绘灵法师",
                                                 "Blue_Mage":  "青魔法师"
                                             },
                                    "JobWithRole":  {
                                                        "None":  "关闭",
                                                        "All":  "所有"
                                                    }
                                },
                      "Dev":  {
                                  "UpdatePathsOnStartup":  "启动时更新路径",
                                  "PrintModList":  "打印 Mod 列表",
                                  "InvitedBy":  "邀请者 ID：",
                                  "DutySupport":  {
                                                      "Header":  "可用亲信战友/剧情辅助",
                                                      "Selected":  "已选择：",
                                                      "Cnt":  "数量："
                                                  },
                                  "Squadron":  {
                                                   "Header":  "可用冒险者分队",
                                                   "Duties":  "副本任务",
                                                   "AvailableMembers":  "可用成员",
                                                   "Columns":  {
                                                                   "Enabled":  "已启用？",
                                                                   "Completed":  "已完成",
                                                                   "Name":  "名称",
                                                                   "Level":  "等级",
                                                                   "Synced":  "同步",
                                                                   "Selected":  "已选择",
                                                                   "Class":  "职业",
                                                                   "ClassId":  "职业 ID",
                                                                   "Physical":  "物理",
                                                                   "Mental":  "精神",
                                                                   "Tactical":  "战术",
                                                                   "Chemistry":  "化学",
                                                                   "Tactics":  "策略"
                                                               }
                                               },
                                  "TTCards":  {
                                                  "Header":  "可用九宫幻卡",
                                                  "Cnt":  "数量："
                                              },
                                  "Partycheck":  {
                                                     "Header":  "队伍检查",
                                                     "PartySize":  "队伍人数：",
                                                     "Valid":  "有效："
                                                 },
                                  "BLU":  {
                                              "Header":  "青魔预设",
                                              "NothingLoaded":  "未加载任何技能",
                                              "Unload":  "卸载",
                                              "Load":  "加载"
                                          },
                                  "RetainerPrices":  {
                                                         "Header":  "雇员背包价格检查"
                                                     },
                                  "Buddy":  {
                                                "Header":  "搭档/陆行鸟检查"
                                            },
                                  "Actions":  {
                                                  "CheckAction":  "检查动作",
                                                  "CheckAction2":  "检查动作2",
                                                  "Return":  "执行返回？",
                                                  "RotationOn":  "开启循环插件",
                                                  "RotationOff":  "关闭循环插件",
                                                  "BetweenLoopActions":  "循环间动作测试",
                                                  "BossLootTest":  "Boss 宝箱测试"
                                              },
                                  "Teleport":  {
                                                   "Header":  "传送功能测试",
                                                   "Warps":  "传送点",
                                                   "LevelTest":  "等级测试"
                                               },
                                  "Header":  "开发选项"
                              },
                      "Title":  "设置"
                  }
}
