{
  "MainTab": {
    "SearchDuties": "Search duties...",
    "ClearSavedPath": "Clear Saved Path",
    "TerminationNotice": "Be aware, you have termination options enabled that might cancel your loops early",
    "MeshLoading": "{0} Mesh: Loading: ",
    "MeshLoadedPath": "{0} Mesh: Loaded Path: {1}",
    "Loaded": "Loaded",
    "None": "None",
    "Start": "Start",
    "Times": "Times",
    "NoPathFound": "No Path file was found for:\n{0}\n({1}.json)\nin the Paths Folder:\n{2}\nPlease download from:\n{3}\nor Create in the Build Tab",
    "RequiresVNavmesh": "AutoDuty Requires VNavmesh plugin to be Installed and Loaded\nPlease add 3rd party repo:\nhttps://puni.sh/api/repository/veyn",
    "RequiresBossMod": "AutoDuty Requires BossMod plugin to be Installed and Loaded\nPlease add 3rd party repo:\nhttps://puni.sh/api/repository/veyn",
    "RequiresRotation": "AutoDuty Requires a Rotation plugin to be Installed and Loaded (Either Wrath Combo, Rotation Solver Reborn, or BossMod AutoRotation)",
    "SelectMode": "Select Mode: ",
    "Run": "Run",
    "Error": "Error",
    "ErrorSelectVersion": "You must select a version\nof the dungeon to run",
    "ErrorNotInParty": "You must not be in a party to run Support, Squadron or Trust",
    "ErrorGroupOf4": "You must be in a group of 4 to run Regular Duties",
    "ErrorPartyMakeup": "You must have the correct party makeup to run Regular Duties",
    "ErrorNoPath": "No path was found for {0} {1}",
    "SelectDutyMode": "Select Duty Mode: ",
    "SelectLevelingMode": "Select Leveling Mode: ",
    "LevelingModeHelp": "Leveling Mode will queue you for the most CONSISTENT dungeon considering your lvl + Ilvl.\n{0}\n\nIt will NOT always queue you for the highest level dungeon, it follows our stable dungeon list instead.",
    "LevelingModeHelpTrust": "GROUP will level your trust members equally.\nSOLO will only level them as much as needed",
    "PreferTrust": "Prefer Trust over Support Leveling",
    "UseLowestMembers": "Use lowest members",
    "SelectTrustParty": "Select your Trust Party",
    "Refresh": "Refresh",
    "RefreshTrustLevels": "Refresh trust member levels",
    "HideUnavailable": "Hide Unavailable Duties",
    "Unsynced": "Unsynced",
    "SwitchCombatJob": "Please switch to a combat job to use AutoDuty.",
    "BlueMageRestriction": "Blue Mage cannot run Trust, Duty Support, Squadron or Variant dungeons. Please switch jobs or select a different category.",
    "LevelingModeStatus": "Leveling Mode: L{0} (i{1})",
    "SelectSupportTrust": "Please select one of Support, Trust, Squadron or Regular\nto Populate the Duty List",
    "CurrentGearset": "Current Gearset",
    "Busy": "Busy...",
    "RequiresVNavmeshAlt": "AutoDuty requires vnavmesh plugin to be installed and loaded for proper navigation and movement. Please add 3rd party repo:\nhttps://puni.sh/api/repository/veyn",
    "RequiresBossModAlt": "AutoDuty requires BossMod plugin to be installed and loaded for proper mechanic handling. Please add 3rd party repo:\nhttps://puni.sh/api/repository/veyn",
    "Modes": {
      "Looping": "Looping",
      "Playlist": "Playlist"
    },
    "DutyModes": {
      "None": "None",
      "Support": "Support",
      "Trust": "Trust",
      "Squadron": "Squadron",
      "Regular": "Regular",
      "Trial": "Trial",
      "Raid": "Raid",
      "Variant": "Variant"
    },
    "LevelingModes": {
      "None": "None",
      "Support": "Auto",
      "Trust_Group": "Trust Group",
      "Trust_Solo": "Trust Solo"
    }
  }
}
