{
    "BuildTab":  {
                     "BuildPath":  "构建路径: ({0}) {1}",
                     "Changelog":  "更新日志:",
                     "JsonExtension":  ".json",
                     "AddPos":  "添加坐标",
                     "AddPosTooltip":  "添加一个移动步骤到路径，AutoDuty 将移动到指定位置",
                     "AddAction":  "添加动作 (Add Action)",
                     "AddActionTooltip":  "打开添加动作弹窗菜单，向路径添加动作步骤",
                     "ClearPath":  "清空路径",
                     "ClearPathTooltip":  "清空整个路径，注意：没有确认提示",
                     "SavePath":  "保存路径",
                     "SavePathTooltip":  "保存路径到指定的路径文件或默认文件",
                     "LoadPath":  "加载路径",
                     "LoadPathTooltip":  "加载路径",
                     "Delete":  "删除",
                     "CopyToClipboard":  "复制到剪贴板",
                     "TeleportTo":  "传送到",
                     "Arguments":  "参数:",
                     "Plus":  "+",
                     "Up":  "↑",
                     "Down":  "↓",
                     "Remove":  "X",
                     "Position":  "位置:",
                     "Note":  "备注:",
                     "Tag":  "标签:",
                     "Conditions":  "条件:",
                     "Condition":  "条件: ",
                     "AddNewCondition":  "添加新条件",
                     "Add":  "添加",
                     "Modify":  "修改",
                     "SavePathError":  "您必须至少添加一个动作才能保存路径，请添加动作后重试",
                     "SavingPath":  "正在保存 {0}",
                     "DataIdError":  "{0} 必须是对应对象 DataId 的无符号整数",
                     "ErrorTitle":  "错误",
                     "PlusZ":  "+Z",
                     "MinusZ":  "-Z",
                     "PlusX":  "+X",
                     "MinusX":  "-X",
                     "YDiff":  "Y-差值: ",
                     "OpenFile":  "打开文件",
                     "NotInDungeonMessage":  "想要创建路线,您必须进入一个副本"
                 }
}
