{
    "Common":  {
                   "Stop":  "停止",
                   "Save":  "保存",
                   "Cancel":  "取消",
                   "Close":  "关闭",
                   "Hide":  "隐藏",
                   "Add":  "添加",
                   "Delete":  "删除",
                   "Edit":  "编辑",
                   "Copy":  "复制",
                   "Clear":  "清除",
                   "Open":  "打开",
                   "Load":  "加载",
                   "Start":  "启动",
                   "Pause":  "暂停",
                   "Resume":  "继续",
                   "Refresh":  "刷新",
                   "Run":  "运行",
                   "Build":  "创建"
               }
}
