{
  "ConfigTab": {
    "Title": "Config",
    "Profile": {
      "CurrentlySelected": "Currently selected profile: ",
      "CreateNew": "Create new Profile",
      "Rename": "Rename Profile",
      "Duplicate": "Duplicate Profile",
      "MakeDefault": "Make Default",
      "MakeDefaultHelp": "Make Default\nHold ctrl to make default for the current character\nctrl+shift to remove it as default for the current character",
      "Delete": "Delete Config",
      "DeleteHelp": "Delete Config\nHold ctrl to enable",
      "BareProfileNote": "The bare profile is for just running a duty, and nothing else. You can duplicate it to make edits.",
      "NewProfileName": "New Profile Name",
      "ChangeProfileName": "Change Profile Name"
    },
    "Language": "Language: ",
    "LanguageHelp": "Select display language",
    "Overlay": {
      "Header": "Window & Overlay Settings",
      "ShowOverlay": "Show Overlay",
      "ShowOverlayHelp": "Note that the quickaction buttons (TurnIn/Desynth/etc) require their respective configs to be enabled!\nOr Override Overlay Buttons to be Enabled",
      "HideWhenStopped": "Hide When Stopped",
      "LockOverlay": "Lock Overlay",
      "ShowDutyLoopText": "Show Duty/Loops Text",
      "TransparentBG": "Use Transparent BG",
      "ShowActionText": "Show AD Action Text",
      "AnchorBottom": "Anchor at Bottom",
      "OverrideButtons": "Override Overlay Buttons",
      "OverrideButtonsHelp": "Overlay buttons by default are enabled if their config is enabled\nThis will allow you to chose which buttons are enabled",
      "ShowMainWindowOnStartup": "Show Main Window on Startup",
      "SliderInputs": "Slider Inputs"
    },
    "Duty": {
      "Header": "Duty Config Settings",
      "AutoLeaveDuty": "Auto Leave Duty in last loop",
      "AutoLeaveDutyHelp": "Will automatically exit the dungeon upon completion of the path.",
      "BlockLeavingDuty": "Block leaving duty until it's complete",
      "AutoManageRotation": "Auto Manage Rotation Plugin State",
      "AutoManageRotationHelp": "Autoduty will enable the Rotation Plugin at the start of each duty\\n*AutoDuty will try to use them in list order",
      "Wrath": {
        "Header": "> Wrath Combo Config Options <",
        "AutoSetupJobs": "Auto setup jobs for autorotation",
        "AutoSetupJobsHelp": "If this is not enabled and a job is not setup in Wrath Combo, AD will instead use RSR or bm AutoRotation",
        "TargetingTank": "Targeting | Tank: ",
        "TargetingNonTank": "Targeting | Non-Tank: "
      },
      "RSR": {
        "Header": "> RSR Config Options <",
        "EngageSettings": "Engage Settings: ",
        "TargetingTank": "Targeting | Tank: ",
        "TargetingNonTank": "Targeting | Non-Tank: "
      },
      "AutoManageBMAI": "Auto Manage BossMod AI Settings",
      "AutoManageBMAIHelp": "Autoduty will enable BMAI and any options you configure at the start of each duty.",
      "BMAI": {
        "Header": "> BMAI Config Options <",
        "UpdatePresets": "Update Presets",
        "UpdatePresetsAuto": "Update Presets automatically",
        "MaxDistanceRoleBased": "Set Max Distance To Target Based on Player Role",
        "MaxDistance": "Max Distance To Target",
        "MaxDistanceAoE": "Max Distance To Target AoE",
        "MaxDistanceMelee": "Max Distance To Target | Melee",
        "MaxDistanceRanged": "Max Distance To Target | Ranged",
        "PositionalRoleBased": "Set Positional Based on Player Role",
        "UseDefaultSettings": "Use Default BMAI Settings",
        "UseDefaultSettingsHelp": "Clicking this will reset your BMAI config to the default and *recommended* settings for AD"
      },
      "AutoManageVnavCamera": "Auto Manage Vnav Align Camera",
      "AutoManageVnavCameraHelp": "Autoduty will enable AlignCamera in VNav at the start of each duty, and disable it when done if it was not set.",
      "LootTreasure": "Loot Treasure Coffers",
      "SelectMethod": "Select Method: ",
      "LootBossTreasureOnly": "Loot Boss Treasure Only",
      "LootBossTreasureOnlyHelp": "AutoDuty will walk around non-boss chests, and only loot boss chests.\\nNot all paths may accomodate.",
      "MinStuckTime": "Minimum time before declared stuck (in ms)",
      "ResetStuckOnStep": "Reset stuck counter only on next step",
      "RebuildNavmeshOnStuck": "Rebuild Navmesh when stuck",
      "RebuildNavmeshTimes": "times",
      "UseReturnWhenStuck": "Use return when stuck",
      "ReturnTimes": "times",
      "DrawPath": "Draw next steps in Path",
      "DrawPathSteps": "Drawing X steps",
      "W2W": {
        "Header": "> W2W Config <",
        "TreatUnsyncAsW2W": "Treat Unsync as W2W",
        "TreatUnsyncAsW2WHelp": "Only works in paths with W2W tags on steps"
      },
      "OverridePartyValidation": "Override Party Validation",
      "OverridePartyValidationHelp": "AutoDuty will ignore your party makeup when queueing for duties\\nThis is for Multi-Boxing Only\\n*AutoDuty is not recommended to be used with other players*",
      "Advanced": {
        "Header": "Advanced Config Options",
        "UsingAltRotation": "Using Alternative Rotation Plugin",
        "UsingAltRotationHelp": "You are deciding to use a plugin other than Wrath Combo, Rotation Solver or BossMod AutoRotation.",
        "UsingAltMovement": "Using Alternative Movement Plugin",
        "UsingAltMovementHelp": "You are deciding to use a plugin other than Vnavmesh.",
        "UsingAltBoss": "Using Alternative Boss Plugin",
        "UsingAltBossHelp": "You are deciding to use a plugin other than BossMod."
      }
    },
    "PreLoop": {
      "Header": "Pre-Loop Initialization Settings",
      "Enable": "Enable",
      "ExecuteCommands": "Execute commands on start of all loops",
      "BetweenLoopNote": "The following are also done between loop, if Between Loop is enabled (currently {0})",
      "RetireTo": "Retire To ",
      "AddCurrentPosition": "Add Current Position",
      "HomePathHelp": "For most houses where the door is a straight shot from teleport location this is not needed, in the rare situations where the door needs a path to get to it, you can create that path here, or if your door seems to be further away from the teleport location than your neighbors, simply goto your door and hit Add Current Position",
      "AutoEquipGear": "Auto Equip Recommended Gear",
      "GearSourceHelp": "Vanilla - Uses Gear from Armory Chest Only\\nGearsetter - Asks gearsetter, can move old items to inventory\\nStylist - Uses your stylist settings",
      "MoveOldToInventory": "Move old items to inventory",
      "MoveOldToInventoryHelp": "Except for weapons, this will move the gear to be replaced to the inventory.",
      "RequiresGearsetterOrStylist": "* Items outside the armoury chest requires Gearsetter or Stylist plugin",
      "AutoRepair": "Auto Repair",
      "Self": "Self",
      "SelfHelp": "Will use DarkMatter to Self Repair (Requires Leveled Crafters!)",
      "CityNpc": "CityNpc",
      "CityNpcHelp": "Will use preferred repair npc to repair.",
      "TriggerAt": "Trigger @",
      "PreferredRepairNPC": "Preferred Repair NPC: ",
      "PreferredRepairNPCHelp": "It's a good idea to match the Repair NPC with Summoning Bell and if possible Retire Location",
      "GrandCompanyInn": "Grand Company Inn",
      "AutoConsume": "Auto Consume",
      "AutoConsumeHelp": "AutoDuty will consume these items on run and between each loop (if status does not exist)",
      "IgnoreStatus": "Ignore Status",
      "IgnoreStatusHelp": "AutoDuty will consume these items on run and between each loop every time (even if status does exists)",
      "MinTimeRemaining": "Min time remaining",
      "MinTimeRemainingHelp": "If the status has less than this amount of time remaining (in minutes), it will consume these items",
      "ItemName": "Item Name",
      "ItemNameHint": "Start typing item name to search",
      "AddItem": "Add Item"
    },
    "BetweenLoop": {
      "Header": "Between Loop Settings",
      "Enable": "Enable",
      "RunOnLastLoop": "Run on last Loop",
      "WaitTime": "(s) Wait time between loops",
      "WaitTimeHelp": "Will delay all AutoDuty between-loop Processes for X seconds.",
      "ExecuteCommands": "Execute commands in between of all loops",
      "AutoExtract": "Auto Extract",
      "Equipped": "Equipped",
      "All": "All",
      "AutoOpenCoffers": "Auto open gear coffers",
      "AutoOpenCoffersHelp": "AutoDuty will open gear coffers (like paladin arms) between each loop",
      "OpenCoffersWithGearset": "Open Coffers with Gearset: ",
      "CurrentGearset": "Current Gearset",
      "UseBlacklist": "Use Blacklist",
      "UseBlacklistHelp": "Option to disable some coffers from being opened automatically.",
      "SelectCoffer": "Select Coffer",
      "CofferName": "Coffer Name",
      "CofferNameHint": "Start typing coffer name to search",
      "AddCoffer": "Add Coffer",
      "DiscardItems": "Discard Items",
      "Desynth": {
        "NQOnly": "Guarantee NQ results"
      },
      "AutoDesynth": "Auto Desynth",
      "OnlySkillUps": "Only Skill Ups",
      "ItemLevelLimit": "Item Level Limit",
      "ItemLevelLimitHelp": "Stops desynthesising an item once your desynthesis skill reaches the Item Level + this limit.",
      "ProtectGearsets": "Protect Gearsets",
      "DesynthCategories": "Desynth Categories",
      "AutoGCTurnin": "Auto GC Turnin",
      "InventorySlotsLeft": "Inventory Slots Left @",
      "UseGCAetheryteTicket": "Use GC Aetheryte Ticket",
      "RegisterTripleTriadCards": "Register Triple Triad Cards",
      "SellTripleTriadCards": "Sell Triple Triad Cards",
      "SlotsOccupied": "Slots occupied",
      "CardCount": "Card count",
      "EnableAutoRetainer": "Enable AutoRetainer Integration",
      "PreferredSummoningBell": "Preferred Summoning Bell Location: ",
      "PreferredSummoningBellHelp": "No matter what location is chosen, if there is a summoning bell in the location you are in when this is invoked it will go there instead",
      "WaitingUpTo": "Waiting up to...",
      "Seconds": "seconds"
    },
    "Termination": {
      "Header": "Loop Termination Settings",
      "Enable": "Enable",
      "StopAtLevel": "Stop Looping @ Level",
      "StopAtLevelHelp": "Looping will stop when these conditions are reached, so long as an adequate number of loops have been allocated.",
      "StopNoRestedXP": "Stop When No Rested XP",
      "StopNoRestedXPHelp": "Looping will stop when these conditions are reached, so long as an adequate number of loops have been allocated.",
      "StopAtItemQty": "Stop Looping When Reach Item Qty",
      "StopAtItemQtyHelp": "Looping will stop when these conditions are reached, so long as an adequate number of loops have been allocated.",
      "SelectItem": "Select Item",
      "ItemName": "Item Name",
      "ItemNameHint": "Start typing item name to search",
      "Quantity": "Quantity",
      "AddItem": "Add Item",
      "StopOnlyWhenAllItems": "Stop Looping Only When All Items Obtained",
      "StopBLUSpell": "Stop Looping when BLU spell unlocked",
      "SelectBLUSpell": "Select BLU spell",
      "StopOnlyWhenAllSpells": "Stop Looping Only When All Spells Unlocked",
      "ExecuteCommandsOnTermination": "Execute commands on termination of all loops",
      "PlaySoundOnCompletion": "Play Sound on Completion of All Loops: ",
      "OnCompletionOfAllLoops": "On Completion of All Loops: ",
      "KeepTerminationActive": "Keep Termination option after execution "
    },
    "Multiboxing": {
      "Header": "Multiboxing",
      "ExperimentalWarning": "EXTREMELY EXPERIMENTAL",
      "Step1": "Step 1: Have 4 clients logged in and ready with AD open on the same data center not in a party",
      "Step2": "Step 2: One of the clients becomes the host. The host will lead the others. Select host below on the client you want to become host",
      "Step3": "Step 3: Select if you want to use Named Pipes or TCP to connect. While both works in either case, Pipes are recommended when all clients are on the same pc. TCP if not.",
      "NamedPipes": "Named Pipes",
      "Step4Pipes": "Step 4: The pipe name needs to match between clients and host",
      "Step5Pipes": "Step 5: On the clients, the server name can be used to connect to hosts on other computers. The default of \".\" is the local computer.",
      "TCP": "TCP",
      "Step4TCP": "Step 4: The port needs to match between clients and host",
      "Step5TCP": "Step 5: On the clients, the server address can be changed to connect to hosts on other computers.",
      "UACWarning": "UAC might ask you to allow network access",
      "Step6": "Step 6: Select Multibox on the host",
      "Step7": "Step 7: Select Multibox on the 3 clients. Each of them should be invited to the party. Below will be current information about them. if it says \"no info\" they are not connected",
      "Step8": "Step 8: On the host, select which dungeon you want to run and how often. Click run",
      "TransportType": "Transport Type",
      "TransportTypeHelp": "Named Pipe: Network connectivity depends on system settings.\\nTCP: Network connectivity depends on firewall settings.\\nIn most cases Named Pipe should work with no changes.",
      "PipeName": "Pipe Name",
      "ServerName": "Server Name",
      "ServerAddress": "Server Address",
      "ServerPort": "Server Port",
      "Reset": "Reset",
      "Host": "Host",
      "SynchronizePaths": "Synchronize Paths",
      "SynchronizePathsHelp": "Sends the path from the host to the clients",
      "Blocking": "Blocking: {0}",
      "ScrambleNames": "Scramble names",
      "Name": "Name",
      "InParty": "In Party?",
      "Job": "Job",
      "BlockingStatus": "Blocking?",
      "LastHeard": "Last heard",
      "InPartyYes": "in party",
      "InPartyNo": "no party",
      "NoInfo": "{0}: No Info",
      "ResynchronizeStep": "Resynchronize Step"
    },
    "Enums": {
      "RetireLocation": {
        "Inn": "Inn",
        "Apartment": "Apartment",
        "Personal_Home": "Personal Home",
        "FC_Estate": "FC Estate",
        "GC_Barracks": "GC Barracks"
      },
      "SummoningBellLocations": {
        "Inn": "Inn",
        "Apartment": "Apartment",
        "Personal_Home": "Personal Home",
        "FC_Estate": "FC Estate",
        "Limsa_Lominsa_Lower_Decks": "Limsa Lominsa Lower Decks",
        "Old_Gridania": "Old Gridania",
        "Uldah_Steps_of_Thal": "Uldah Steps of Thal",
        "The_Pillars": "The Pillars",
        "Rhalgrs_Reach": "Rhalgrs Reach",
        "Kugane": "Kugane",
        "The_Doman_Enclave": "The Doman Enclave",
        "The_Crystarium": "The Crystarium",
        "Eulmore": "Eulmore",
        "Old_Sharlayan": "Old Sharlayan",
        "Radz_at_Han": "Radz-at-Han",
        "Tuliyollal": "Tuliyollal",
        "Nexus_Arcade": "Nexus Arcade"
      },
      "DesynthCategory": {
        "Inventory_Equipment": "Inventory: Equipment",
        "Inventory_Housing": "Inventory: Housing",
        "Armoury_Main_Off": "Armoury: Main/Off",
        "Armoury_Head_Body_Hands": "Armoury: Head/Body/Hands",
        "Armoury_Legs_Feet": "Armoury: Legs/Feet",
        "Armoury_Neck_Ears": "Armoury: Neck/Ears",
        "Armoury_Wrists_Rings": "Armoury: Wrists/Rings",
        "Equipped": "Equipped"
      },
      "TerminationMode": {
        "Do_Nothing": "Do Nothing",
        "Logout": "Logout",
        "Start_AR_Multi_Mode": "Start AR Multi Mode",
        "Kill_Client": "Kill Client",
        "Kill_PC": "Kill PC",
        "Start_AR_Night_Mode": "Start AR Night Mode"
      },
      "JobWithRole": {
        "None": "None",
        "All": "All",
        "Tanks": "Tanks",
        "Healers": "Healers",
        "DPS": "DPS",
        "Melee": "Melee",
        "Striking": "Striking",
        "Maiming": "Maiming",
        "Scouting": "Scouting",
        "Aiming": "Aiming",
        "Casters": "Casters",
        "Paladin": "Paladin",
        "Warrior": "Warrior",
        "Dark_Knight": "Dark Knight",
        "Gunbreaker": "Gunbreaker",
        "White_Mage": "White Mage",
        "Scholar": "Scholar",
        "Astrologian": "Astrologian",
        "Sage": "Sage",
        "Monk": "Monk",
        "Samurai": "Samurai",
        "Dragoon": "Dragoon",
        "Reaper": "Reaper",
        "Ninja": "Ninja",
        "Viper": "Viper",
        "Bard": "Bard",
        "Machinist": "Machinist",
        "Dancer": "Dancer",
        "Black_Mage": "Black Mage",
        "Summoner": "Summoner",
        "Red_Mage": "Red Mage",
        "Pictomancer": "Pictomancer",
        "Blue_Mage": "Blue Mage"
      }
    },
    "Dev": {
      "Header": "Dev Settings",
      "UpdatePathsOnStartup": "Update Paths on startup",
      "PrintModList": "Print mod list",
      "InvitedBy": "Invited by: ",
      "DutySupport": {
        "Header": "Available Duty Support",
        "Selected": "Selected: ",
        "Cnt": "Cnt: "
      },
      "Squadron": {
        "Header": "Available Squadron stuff",
        "Duties": "Duties",
        "AvailableMembers": "Available Members",
        "Columns": {
          "Enabled": "Enabled?",
          "Completed": "Completed",
          "Name": "Name",
          "Level": "Level",
          "Synced": "Synced",
          "Selected": "Selected",
          "Class": "Class",
          "ClassId": "Class Id",
          "Physical": "Physical",
          "Mental": "Mental",
          "Tactical": "Tactical",
          "Chemistry": "Chemistry",
          "Tactics": "Tactics"
        }
      },
      "TTCards": {
        "Header": "Available TT cards",
        "Cnt": "Cnt: "
      },
      "Partycheck": {
        "Header": "Partycheck",
        "PartySize": "Party Size: ",
        "Valid": "valid: "
      },
      "BLU": {
        "Header": "BLU loadout",
        "NothingLoaded": "Nothing loaded",
        "Unload": "Unload",
        "Load": "Load"
      },
      "RetainerPrices": {
        "Header": "RetainerInventoryPrices"
      },
      "Buddy": {
        "Header": "BuddyChecks"
      },
      "Actions": {
        "CheckAction": "CheckAction",
        "CheckAction2": "CheckAction2",
        "Return": "Return?",
        "RotationOn": "Turn on rotation",
        "RotationOff": "Turn off rotation",
        "BetweenLoopActions": "BetweenLoopActions",
        "BossLootTest": "BossLootTest"
      },
      "Teleport": {
        "Header": "teleport playthings",
        "Warps": "Warps",
        "LevelTest": "LevelTest"
      }
    }
  }
}
