{
  "Author": "кайт машина (Puni.sh)",
  "Name": "AutoRetainer",
  "InternalName": "AutoRetainer",
  "AssemblyVersion": "4.5.1.1",
  "Description": "在舒适的床上分配任务给你的雇员。",
  "ApplicableVersion": "any",
  "RepoUrl": "https://github.com/Ookura-Risona/AutoRetainer",
  "DalamudApiLevel": 12,
  "LoadRequiredState": 0,
  "LoadSync": false,
  "CanUnloadAsync": false,
  "LoadPriority": 0,
  "IconUrl": "https://s3.puni.sh/media/plugin/24/icon-drb6aywk5m9.png",
  "Punchline": "在舒适的床上分配任务给你的雇员。",
  "AcceptsFeedback": true
}